timestamp_s,acc_x,acc_y,acc_z,totalAcc_g, vertVel_fps,yaw_deg, pitch_deg, roll_deg, tilt_deg,pressure_hpa,altitude_ft,temp_f,flight_state,drogue1,drogue2,main1,main2
16.6,0,1.6,0,1,-11.2,-9.5,-0.9,0.2,0.9,982.2,-0.9,89.4,1,N,N,N,N
16.6,0.2,0.1,1,1,-11.3,-20.3,-2.2,-0.5,2.2,982.2,-0.9,89.4,1,N,N,N,N
16.7,0.2,0.1,1,1,-10.3,-20.3,-2.2,-0.5,2.2,982.1,2.7,89.4,1,N,N,N,N
16.8,0.2,0.1,1,1,-10.4,-31.3,-1.6,-0.2,1.6,982.2,-0.5,89.4,1,N,N,N,N
16.8,0.1,0.2,0.9,0.9,-10.7,-42.6,3,3.1,4.3,982.2,-0.5,89.4,1,N,N,N,N
16.9,0.1,0.2,0.9,0.9,-9.4,-42.6,3,3.1,4.3,982.2,-0.4,89.4,1,N,N,N,N
17,0.1,0.2,0.9,1,-8.4,-49.3,11,8.6,13.9,982.2,-0.1,89.4,1,N,N,N,N
17,-0.2,0.4,0.8,0.9,-9,-50.4,21.6,14.8,26,982.2,-0.1,89.4,1,N,N,N,N
17.1,-0.2,0.4,0.8,0.9,-8.7,-50.4,21.6,14.8,26,982.2,-0.7,89.4,1,N,N,N,N
17.2,-0.2,0.4,0.8,0.9,-8.4,-45.9,32,23.9,39.2,982.2,-1.1,89.4,1,N,N,N,N
17.2,-0.6,0.7,0.5,1,-9.7,-35.2,42,37.7,53.9,982.2,-1.1,89.4,1,N,N,N,N
17.3,-0.6,0.7,0.5,1.1,-8.2,-32.4,42.9,40.7,56.2,982.2,-0.8,89.4,1,N,N,N,N
17.4,-0.6,0.7,0.5,1,-9.4,-21.6,44.8,49.2,62.3,982.2,-1.1,89.4,1,N,N,N,N
17.4,-0.6,0.6,0.3,0.9,-11.6,-8.1,46.3,60.7,70.1,982.2,-1.1,89.4,1,N,N,N,N
17.5,-0.6,0.6,0.3,0.9,-10.7,-8.1,46.3,60.7,70.1,982.3,-2.1,89.4,1,N,N,N,N
17.6,-0.6,0.6,0.3,1,-11.2,3.2,44.5,69,75.1,982.2,0.2,89.4,1,N,N,N,N
17.6,-0.7,0.8,0.1,1.1,-13.7,11.7,41.2,73,77.2,982.2,0.2,89.4,1,N,N,N,N
17.7,-0.7,0.8,0.1,1.1,-11.1,11.7,41.2,73,77.2,982.2,0.2,89.4,1,N,N,N,N
17.8,-0.7,0.8,0.1,1,-12.8,17.6,41.8,77,80.3,982.1,2,89.4,1,N,N,N,N
17.8,-0.7,0.7,0.2,1,-15.5,18.8,46.1,80.5,83.4,982.1,2,89.4,1,N,N,N,N
17.9,-0.7,0.7,0.2,1,-13.3,18.8,46.1,80.5,83.4,982.1,1.2,89.4,1,N,N,N,N
18,-0.7,0.7,0.2,1,-14.7,18.6,51.2,82.8,85.5,982.2,-0.3,89.4,1,N,N,N,N
18,-0.7,0.7,0.1,1,-17.7,21.8,53.6,84.5,86.7,982.2,-0.3,89.4,1,N,N,N,N
18.1,-0.7,0.7,0.1,1,-16.2,21.8,53.6,84.5,86.7,982.1,1,89.4,1,N,N,N,N
18.2,-0.7,0.7,0.1,1,-17,25.2,54.3,84.8,86.9,982.1,1.3,89.4,1,N,N,N,N
18.2,-0.7,0.7,0.2,1,-19.7,25.6,52.1,82.5,85.3,982.1,1.3,89.4,1,N,N,N,N
18.3,-0.7,0.7,0.2,1,-17.3,25.6,52.1,82.5,85.3,982.1,3.3,89.4,1,N,N,N,N
18.4,-0.7,0.7,0.2,1,-17.1,26.1,51.2,80.9,84.3,982.1,2.7,89.4,1,N,N,N,N
18.4,-0.7,0.7,0.2,1,-19.8,28.3,50.8,80.7,84.1,982.1,2.7,89.4,1,N,N,N,N
18.5,-0.7,0.7,0.2,1,-19,28.3,50.8,80.7,84.1,982.1,2.2,89.4,1,N,N,N,N
18.6,-0.7,0.7,0.2,1,-19.1,29.7,51.5,80.1,83.8,982.1,0.3,89.4,1,N,N,N,N
18.6,-0.8,0.6,0.2,1,-21.8,27.8,53,77.6,82.6,982.1,0.3,89.4,1,N,N,N,N
18.7,-0.8,0.6,0.2,1,-20.1,27.8,53,77.6,82.6,982.1,0.2,89.4,1,N,N,N,N
18.8,-0.8,0.6,0.2,1,-21,28.3,52.2,78.1,82.7,982.1,1.4,89.4,1,N,N,N,N
18.8,-0.8,0.7,0.1,1.1,-23.8,29.5,50.4,80.3,83.8,982.1,1.4,89.4,1,N,N,N,N
18.9,-0.8,0.7,0.1,1.1,-21.4,29.5,50.4,80.3,83.8,982.2,-0.8,89.4,1,N,N,N,N
19,-0.8,0.7,0.1,1.1,-22.7,28.9,49.9,82.3,85,982.1,0.7,89.4,1,N,N,N,N
19,-0.7,0.7,0.1,1,-25.6,26.5,49.2,82.5,85.1,982.1,0.7,89.4,1,N,N,N,N
19.1,-0.7,0.7,0.1,1,-21.7,26.5,49.2,82.5,85.1,982.1,1.5,89.4,1,N,N,N,N
19.2,-0.7,0.7,0.1,0.9,-21.9,24.8,49.4,83.2,85.5,982.1,0,89.4,1,N,N,N,N
19.2,-0.7,0.6,0.1,0.9,-24.9,23.3,49.2,85.3,86.9,982.1,0,89.4,1,N,N,N,N
19.3,-0.7,0.6,0.1,0.9,-22.5,22.8,48.8,85.8,87.2,982.1,-0.1,89.4,1,N,N,N,N
19.4,-0.7,0.6,0.1,1,-24.2,20.6,47.9,87.4,88.2,982.2,-0.7,89.4,1,N,N,N,N
19.4,-0.8,0.8,0,1.1,-27.4,17,47.7,90.2,90.1,982.2,-0.7,89.4,1,N,N,N,N
19.5,-0.8,0.8,0,1.1,-24.5,17,47.7,90.2,90.1,982.1,-0.3,89.4,1,N,N,N,N
19.6,-0.8,0.8,0,1,-25.1,13,48.6,93.3,92.2,982.2,-1.1,89.4,1,N,N,N,N
19.6,-0.7,0.6,-0.1,0.9,-28.5,9.1,50.6,95,93.2,982.2,-1.1,89.4,1,N,N,N,N
19.7,-0.7,0.6,-0.1,0.9,-26.1,9.1,50.6,95,93.2,982.2,-0.4,89.4,1,N,N,N,N
19.8,-0.7,0.6,-0.1,1,-26.4,3.4,53.1,94,92.4,982.2,-1.8,89.4,1,N,N,N,N
19.8,-0.8,0.7,-0.1,1,-30,3.2,56,95.5,93.1,982.2,-1.8,89.4,1,N,N,N,N
19.9,-0.8,0.7,-0.1,1,-27.9,3.2,56,95.5,93.1,982.2,-1.5,89.4,1,N,N,N,N
20,-0.8,0.7,-0.1,1,-28.1,5.8,58.2,100.5,95.5,982.2,-1.6,89.4,1,N,N,N,N
20,-0.7,0.8,-0.1,1,-31.6,8.8,58.6,103.8,97.2,982.2,-1.6,89.4,1,N,N,N,N
20.1,-0.7,0.8,-0.1,1,-28.8,8.8,58.6,103.8,97.2,982.2,-1.3,89.4,1,N,N,N,N
20.2,-0.7,0.8,-0.1,1,-27.5,4.8,58.1,98.8,94.7,982.1,0.4,89.4,1,N,N,N,N
20.2,-0.8,0.8,0,1.1,-30.6,-1.5,59.1,91.6,90.8,982.1,0.4,89.4,1,N,N,N,N
20.3,-0.8,0.8,0,1.1,-27.6,-1.5,59.1,91.6,90.8,982.2,-1.2,89.4,1,N,N,N,N
20.4,-0.8,0.8,0,0.9,-27.8,-5.1,61.2,86.6,88.3,982.2,0.2,89.4,1,N,N,N,N
20.4,-0.8,0.7,0.1,1,-30.8,-7.1,61.8,83.4,86.8,982.2,0.2,89.4,1,N,N,N,N
20.5,-0.8,0.7,0.1,1,-27.9,-7.1,61.8,83.4,86.8,982.2,-2.3,89.4,1,N,N,N,N
20.6,-0.8,0.7,0.1,1.1,-28.7,-13,63.6,78.5,84.8,982.2,-0.7,89.4,1,N,N,N,N
20.6,-0.8,0.7,0.1,1,-31.9,-22.2,64.1,71.7,82,982.2,-0.7,89.4,1,N,N,N,N
20.7,-0.8,0.7,0.1,1,-28.2,-22.2,64.1,71.7,82,982.2,-0.3,89.4,1,N,N,N,N
20.8,-0.8,0.7,0.1,1,-27.8,-21.3,65.8,75.6,84,982.2,-1.1,89.4,1,N,N,N,N
20.8,-0.7,0.6,0,0.9,-31.3,-15.7,65.7,82.8,87,982.2,-1.1,89.4,1,N,N,N,N
20.9,-0.7,0.6,0,0.9,-27.4,-15.7,65.7,82.8,87,982.1,1.7,89.4,1,N,N,N,N
21,-0.7,0.6,0,0.9,-26.2,-9.5,65.1,88,89.1,982.1,1.9,89.3,1,N,N,N,N
21,-0.8,0.6,-0.2,1,-29.9,-3.4,65.9,92.6,91.1,982.1,1.9,89.3,1,N,N,N,N
21.1,-0.8,0.6,-0.2,1,-25.8,-3.4,65.9,92.6,91.1,982,3.5,89.3,1,N,N,N,N
21.2,-0.8,0.6,-0.2,1,-25.8,1.8,67.7,96,92.3,982,4.6,89.3,1,N,N,N,N
21.2,-0.8,0.6,-0.2,1,-29.7,10.2,68.1,102,94.5,982,4.6,89.3,1,N,N,N,N
21.3,-0.8,0.6,-0.2,1,-25.4,8.5,68,100.5,93.9,981.9,6.2,89.3,1,N,N,N,N
21.4,-0.8,0.6,-0.2,0.9,-26,10.6,68,99.4,93.5,981.8,7.1,89.3,1,N,N,N,N
21.4,-0.8,0.7,-0.1,1,-29.4,13.9,66.3,99.4,93.8,981.8,7.1,89.3,1,N,N,N,N
21.5,-0.8,0.7,-0.1,1,-25.4,13.9,66.3,99.4,93.8,981.9,5.6,89.3,1,N,N,N,N
21.6,-0.8,0.7,-0.1,1.1,-25.4,17.7,65.6,100.8,94.5,981.8,7.7,89.2,1,N,N,N,N
21.6,-0.7,0.7,0,1,-28.7,18.9,63.9,100.9,94.8,981.8,7.7,89.2,1,N,N,N,N
21.7,-0.7,0.7,0,1,-24.6,18.9,63.9,100.9,94.8,981.7,8.7,89.2,1,N,N,N,N
21.8,-0.7,0.7,0,1,-25.1,19.4,63.3,100.1,94.6,981.7,7.3,89.2,1,N,N,N,N
21.8,-0.7,0.6,-0.1,1,-28.4,22.2,63.8,102.4,95.5,981.7,7.3,89.2,1,N,N,N,N
21.9,-0.7,0.6,-0.1,1,-25,22.2,63.8,102.4,95.5,981.7,8.5,89.2,1,N,N,N,N
22,-0.7,0.6,-0.1,0.9,-25.6,22.9,65.8,103.2,95.4,981.6,9.2,89.2,1,N,N,N,N
22,-0.8,0.6,-0.2,1,-29.3,24.6,66,105.9,96.4,981.6,9.2,89.2,1,N,N,N,N
22.1,-0.8,0.6,-0.2,1,-26.2,24.6,66,105.9,96.4,981.6,7.7,89.2,1,N,N,N,N
22.2,-0.8,0.6,-0.2,1,-27.9,27.7,65.6,109.8,98.1,981.5,10.3,89.1,1,N,N,N,N
22.2,-0.8,0.6,-0.2,1,-31.6,34.8,64.1,117.9,101.9,981.5,10.3,89.1,1,N,N,N,N
22.3,-0.8,0.6,-0.2,1,-27.7,34.8,64.1,117.9,101.9,981.5,8.7,89.1,1,N,N,N,N
22.4,-0.8,0.6,-0.2,0.9,-29,31.6,65.6,115.4,100.3,981.5,9,89.1,1,N,N,N,N
22.4,-0.7,0.5,-0.1,0.9,-32.6,29.6,66.7,114.5,99.5,981.5,9,89.1,1,N,N,N,N
22.5,-0.7,0.5,-0.1,0.9,-29,29.6,66.7,114.5,99.5,981.5,8.8,89.1,1,N,N,N,N
22.6,-0.7,0.5,-0.1,1.1,-28.6,24.5,67.9,108.5,96.9,981.4,9.9,89.1,1,N,N,N,N
22.6,-0.8,0.6,-0.1,1,-32,22.9,70.1,105.9,95.4,981.4,9.9,89.1,1,N,N,N,N
22.7,-0.8,0.6,-0.1,1,-27.2,22.9,70.1,105.9,95.4,981.3,10.2,89,1,N,N,N,N
22.8,-0.8,0.6,-0.1,1,-26.8,18,70.3,101,93.7,981.3,9.1,89,1,N,N,N,N
22.8,-0.8,0.5,0,1,-30,12.1,71.4,94.5,91.5,981.3,9.1,89,1,N,N,N,N
22.9,-0.8,0.5,0,1,-28.1,12.1,71.4,94.5,91.5,981.3,10.5,89,1,N,N,N,N
23,-0.8,0.5,0,1,-28.8,10.6,70.8,92.4,90.8,981.2,9.8,89,1,N,N,N,N
23,-0.8,0.6,0,1,-32,12.1,70.4,92.5,90.9,981.2,9.8,89,1,N,N,N,N
23.1,-0.8,0.6,0,1,-30.8,12.1,70.4,92.5,90.9,981.3,6.6,89,1,N,N,N,N
23.2,-0.8,0.6,0,1,-32.2,15.5,68.9,96.8,92.4,981.4,4.7,89,1,N,N,N,N
23.2,-0.8,0.7,-0.1,1.1,-35.7,16.1,67.5,100.3,94,981.4,4.7,89,1,N,N,N,N
23.3,-0.8,0.7,-0.1,1.1,-35.3,16.6,67.6,101.3,94.3,981.4,2.6,89.1,1,N,N,N,N
23.4,-0.8,0.7,-0.1,1,-35.6,17.6,69.4,103.7,94.8,981.5,0,89.1,1,N,N,N,N
23.4,-0.7,0.7,0,1,-38.9,17.8,68.4,103.6,95,981.5,0,89.1,1,N,N,N,N
23.5,-0.7,0.7,0,1,-37.7,17.8,68.4,103.6,95,981.5,-0.3,89.1,1,N,N,N,N
23.6,-0.7,0.7,0,1.2,-38,10.9,68.4,95.8,92.1,981.6,-2.8,89.2,1,N,N,N,N
23.6,-0.7,0.7,0,1,-41.1,13,67.4,97.1,92.7,981.6,-2.8,89.2,1,N,N,N,N
23.7,-0.7,0.7,0,1,-38.7,13,67.4,97.1,92.7,981.7,-3.5,89.2,1,N,N,N,N
23.8,-0.7,0.7,0,1,-38.1,12.9,67.3,97.2,92.8,981.7,-4.3,89.2,1,N,N,N,N
23.8,-0.5,0.7,0,0.9,-41.2,11.2,66.7,95.4,92.1,981.7,-4.3,89.2,1,N,N,N,N
23.9,-0.5,0.7,0,0.9,-37.6,11.2,66.7,95.4,92.1,981.7,-2.7,89.2,1,N,N,N,N
24,-0.5,0.7,0,0.9,-37.2,7.2,66.7,91.6,90.6,981.9,-7.4,89.2,1,N,N,N,N
24,-0.8,0.7,0,1,-40.6,3.7,67.6,88.3,89.3,981.9,-7.4,89.2,1,N,N,N,N
24.1,-0.8,0.7,0,1,-37.1,3.7,67.6,88.3,89.3,981.8,-4.7,89.2,1,N,N,N,N
24.2,-0.8,0.7,0,1.2,-36.2,6.4,66.2,90.2,90.1,981.8,-4.9,89.2,1,N,N,N,N
24.2,-0.8,0.8,0,1.1,-39.6,15.9,66.9,98.8,93.4,981.8,-4.9,89.2,1,N,N,N,N
24.3,-0.8,0.8,0,1.1,-34.6,15.9,66.9,98.8,93.4,981.8,-3.7,89.2,1,N,N,N,N
24.4,-0.8,0.8,0,1.2,-34.7,16.5,67.6,97.7,92.9,981.8,-4.4,89.3,1,N,N,N,N
24.4,-0.8,0.5,0.2,0.9,-37.6,21.9,70.6,102.6,94.2,981.8,-4.4,89.3,1,N,N,N,N
24.5,-0.8,0.5,0.2,0.9,-33.2,21.9,70.6,102.6,94.2,981.9,-4.9,89.3,1,N,N,N,N
24.6,-0.8,0.5,0.2,0.8,-31.8,21.3,70.4,100.1,93.4,981.9,-5.2,89.3,1,N,N,N,N
24.6,-0.6,0.6,0.1,0.9,-34.7,15.6,68.4,93.6,91.3,981.9,-5.2,89.3,1,N,N,N,N
24.7,-0.6,0.6,0.1,0.9,-31.5,15.6,68.4,93.6,91.3,982,-6.6,89.3,1,N,N,N,N
24.8,-0.6,0.6,0.1,1,-31.4,12.8,70.6,91.3,90.4,981.9,-4.1,89.3,1,N,N,N,N
24.8,-0.8,0.7,0,1.1,-34.7,8.9,71.3,87.9,89.3,981.9,-4.1,89.3,1,N,N,N,N
24.9,-0.8,0.7,0,1.1,-30.3,8.9,71.3,87.9,89.3,981.9,-2.9,89.3,1,N,N,N,N
25,-0.8,0.7,0,1,-30.9,9.5,68.8,91.5,90.5,981.9,-3.8,89.3,1,N,N,N,N
25,-0.7,0.8,0,1.1,-34.3,5.6,65.8,91.5,90.6,981.9,-3.8,89.3,1,N,N,N,N
25.1,-0.7,0.8,0,1.1,-30.8,5.6,65.8,91.5,90.6,981.9,-3.5,89.3,1,N,N,N,N
25.2,-0.7,0.8,0,1.1,-29.7,1.6,64.8,87.6,89,981.9,-3.6,89.3,1,N,N,N,N
25.2,-0.6,0.9,0.1,1,-32.4,-0.4,63.9,84.5,87.6,981.9,-3.6,89.3,1,N,N,N,N
25.3,-0.6,0.9,0.1,1,-29.4,-0.2,63.7,84.5,87.5,981.9,-3.1,89.3,1,N,N,N,N
25.4,-0.6,0.9,0.1,0.9,-27.8,-4.7,62.8,79.5,85.2,981.9,-3.1,89.3,1,N,N,N,N
25.4,-0.6,0.6,0.1,0.9,-30.7,-4.8,63.9,78.4,84.9,981.9,-3.1,89.3,1,N,N,N,N
25.5,-0.6,0.6,0.1,0.9,-28.5,-4.8,63.9,78.4,84.9,982,-4,89.3,1,N,N,N,N
25.6,-0.6,0.6,0.1,1.1,-28.1,-5.3,62.4,77.3,84.2,981.9,-2.7,89.3,1,N,N,N,N
25.6,-0.6,0.8,0,1,-31.2,-1.5,61.7,80.6,85.6,981.9,-2.7,89.3,1,N,N,N,N
25.7,-0.6,0.8,0,1,-26.9,-1.5,61.7,80.6,85.6,981.9,-1.6,89.3,1,N,N,N,N
25.8,-0.6,0.8,0,1,-25.7,3,63,85.3,87.8,981.9,-0.5,89.3,1,N,N,N,N
25.8,-0.5,0.9,0,1,-29,9.4,60.2,90.4,90.2,981.9,-0.5,89.3,1,N,N,N,N
25.9,-0.5,0.9,0,1,-26.1,9.4,60.2,90.4,90.2,981.9,-1.6,89.3,1,N,N,N,N
26,-0.5,0.9,0,1.1,-26.6,16.8,60.1,95,92.5,981.9,-1.2,89.3,1,N,N,N,N
26,-0.5,0.8,0.1,1,-29.5,18.8,61.8,95.3,92.5,981.9,-1.2,89.3,1,N,N,N,N
26.1,-0.5,0.8,0.1,1,-25.9,18.8,61.8,95.3,92.5,981.9,-1.7,89.3,1,N,N,N,N
26.2,-0.5,0.8,0.1,0.9,-25.1,16.2,63.8,93,91.3,981.8,0.7,89.3,1,N,N,N,N
26.2,-0.6,0.8,0.1,1,-27.7,10,64.2,86.6,88.5,981.8,0.7,89.3,1,N,N,N,N
26.3,-0.6,0.8,0.1,1,-24.8,10,64.2,86.6,88.5,981.9,0.3,89.3,1,N,N,N,N
26.4,-0.6,0.8,0.1,1,-24.9,3.1,60.5,81.7,85.9,981.9,0.3,89.3,1,N,N,N,N
26.4,-0.7,0.7,0.1,1,-27.8,-1,61.9,79.4,85,981.9,0.3,89.3,1,N,N,N,N
26.5,-0.7,0.7,0.1,1,-25.8,-1,61.9,79.4,85,982,-2.5,89.3,1,N,N,N,N
26.6,-0.7,0.7,0.1,1,-26.7,-3.7,62.4,78.7,84.8,981.9,-0.2,89.3,1,N,N,N,N
26.6,-0.7,0.8,0,1.1,-29.9,-4.9,62.5,79.8,85.3,981.9,-0.2,89.3,1,N,N,N,N
26.7,-0.7,0.8,0,1.1,-25.8,-4.9,62.5,79.8,85.3,981.9,0.4,89.3,1,N,N,N,N
26.8,-0.7,0.8,0,1.1,-25.3,-9.6,65.3,77.5,84.8,981.8,1,89.3,1,N,N,N,N
26.8,-0.7,0.9,0.1,1.1,-28.1,-19.2,66.7,69.5,82,981.8,1,89.3,1,N,N,N,N
26.9,-0.7,0.9,0.1,1.1,-25.3,-19.2,66.7,69.5,82,981.9,-1.3,89.3,1,N,N,N,N
27,-0.7,0.9,0.1,0.9,-25.7,-27,65.3,64.2,79.4,981.8,2,89.2,1,N,N,N,N
27,-0.7,0.8,0,1.1,-28.9,-25.9,63.5,66.6,79.7,981.8,2,89.2,1,N,N,N,N
27.1,-0.7,0.8,0,1.1,-24.2,-25.9,63.5,66.6,79.7,981.8,2.3,89.2,1,N,N,N,N
27.2,-0.7,0.8,0,1,-24.1,-24.8,64.4,68.8,80.9,981.7,3.2,89.2,1,N,N,N,N
27.2,-0.7,0.7,0,1,-27.3,-22.6,65.7,71.1,82.3,981.7,3.2,89.2,1,N,N,N,N
27.3,-0.7,0.7,0,1,-24.4,-23.5,65.7,70.7,82.1,981.8,2,89.2,1,N,N,N,N
27.4,-0.7,0.7,0,0.9,-25.4,-18.8,67.3,73.8,83.7,981.7,3.1,89.2,1,N,N,N,N
27.4,-0.8,0.7,0,1,-28.8,-14.1,68.8,77.1,85.3,981.7,3.1,89.2,1,N,N,N,N
27.5,-0.8,0.7,0,1,-26.5,-14.1,68.8,77.1,85.3,981.8,0.3,89.2,1,N,N,N,N
27.6,-0.8,0.7,0,1.1,-27.3,-9.3,70.2,80,86.6,981.7,1.9,89.2,1,N,N,N,N
27.6,-0.9,0.7,0,1.1,-30.6,-5.6,71.2,81.5,87.2,981.7,1.9,89.2,1,N,N,N,N
27.7,-0.9,0.7,0,1.1,-27.4,-5.6,71.2,81.5,87.2,981.7,2.8,89.2,1,N,N,N,N
27.8,-0.9,0.7,0,1,-27.1,-4.1,72.5,81.9,87.5,981.7,2.2,89.2,1,N,N,N,N
27.8,-0.8,0.6,0.1,1,-30.2,-2.3,73,83,87.9,981.7,2.2,89.2,1,N,N,N,N
27.9,-0.8,0.6,0.1,1,-27.2,-2.3,73,83,87.9,981.8,1.2,89.2,1,N,N,N,N
28,-0.8,0.6,0.1,1,-28.1,-1.9,72.9,82.8,87.8,981.7,2,89.2,1,N,N,N,N
28,-0.8,0.5,0,0.9,-31.3,3.3,73.7,87.7,89.3,981.7,2,89.2,1,N,N,N,N
28.1,-0.8,0.5,0,0.9,-27.4,3.3,73.7,87.7,89.3,981.8,0.8,89.2,1,N,N,N,N
28.2,-0.8,0.5,0,0.9,-29.4,5.4,73.8,89.2,89.8,981.8,0.2,89.2,1,N,N,N,N
28.2,-0.9,0.5,-0.1,1,-32.8,11.2,73.8,94.4,91.3,981.8,0.2,89.2,1,N,N,N,N
28.3,-0.9,0.5,-0.1,1,-29.5,11.2,73.8,94.4,91.3,981.8,-0.8,89.2,1,N,N,N,N
28.4,-0.9,0.5,-0.1,1,-30.7,18.4,73.1,101.3,93.3,981.8,-0.1,89.2,1,N,N,N,N
28.4,-0.8,0.7,0,1.1,-34.1,18.4,71.3,100.9,93.5,981.8,-0.1,89.2,1,N,N,N,N
28.5,-0.8,0.7,0,1.1,-31,18.4,71.3,100.9,93.5,981.8,0.4,89.2,1,N,N,N,N
28.6,-0.8,0.7,0,1,-30.6,15.9,70.3,96.7,92.3,981.8,-1,89.3,1,N,N,N,N
28.6,-0.8,0.8,0,1.1,-33.9,18.2,67.8,98.1,93.1,981.8,-1,89.3,1,N,N,N,N
28.7,-0.8,0.8,0,1.1,-30.6,18.2,67.8,98.1,93.1,981.8,-0.5,89.3,1,N,N,N,N
28.8,-0.8,0.8,0,0.8,-30.7,21.5,68.4,100.2,93.8,981.9,-2.5,89.3,1,N,N,N,N
28.8,-0.8,0.6,0,1,-34.1,24.5,67.9,102,94.5,981.9,-2.5,89.3,1,N,N,N,N
28.9,-0.8,0.6,0,1,-31.1,24.5,67.9,102,94.5,981.8,-0.3,89.3,1,N,N,N,N
29,-0.8,0.6,0,1,-30.7,30.8,68,107,96.4,981.9,-2.6,89.3,1,N,N,N,N
29,-0.9,0.6,-0.2,1.1,-34.5,39.3,68.6,113.9,98.6,981.9,-2.6,89.3,1,N,N,N,N
29.1,-0.9,0.6,-0.2,1.1,-31.3,39.3,68.6,113.9,98.6,981.8,0.5,89.3,1,N,N,N,N
29.2,-0.9,0.6,-0.2,1.1,-31.8,48.9,68.5,121.4,101.2,981.9,-1.4,89.3,1,N,N,N,N
29.2,-0.9,0.6,0,1.1,-35.2,51.8,69.2,122.2,101,981.9,-1.4,89.3,1,N,N,N,N
29.3,-0.9,0.6,0,1.2,-31.2,50.2,69.3,120.1,100.3,981.9,-0.6,89.3,1,N,N,N,N
29.4,-0.9,0.6,0,0.8,-30.3,53.8,68.9,122.3,101.2,981.9,-0.6,89.2,1,N,N,N,N
29.4,-0.8,0.7,0,1.1,-33.4,50.1,67.9,118,100.3,981.9,-0.6,89.2,1,N,N,N,N
29.5,-0.8,0.7,0,1.1,-29.5,50.1,67.9,118,100.3,981.8,1.5,89.2,1,N,N,N,N
29.6,-0.8,0.7,0,0.9,-28.7,51.6,67.2,119.8,101.2,981.8,-0.5,89.2,1,N,N,N,N
29.6,-0.8,0.5,-0.1,0.9,-32.4,52.3,67,120.7,101.6,981.8,-0.5,89.2,1,N,N,N,N
29.7,-0.8,0.5,-0.1,0.9,-30.6,52.3,67,120.7,101.6,981.9,-1.7,89.3,1,N,N,N,N
29.8,-0.8,0.5,-0.1,1,-31.1,54.5,66,122.9,102.9,981.9,-1.3,89.3,1,N,N,N,N
29.8,-0.8,0.6,-0.2,1.1,-35,58.9,64.3,126.7,105.1,981.9,-1.3,89.3,1,N,N,N,N
29.9,-0.8,0.6,-0.2,1.1,-31.5,58.9,64.3,126.7,105.1,981.8,-0.3,89.3,1,N,N,N,N
30,-0.8,0.6,-0.2,1,-31.9,59.2,63,126.3,105.7,981.9,-1,89.3,1,N,N,N,N
30,-0.8,0.7,-0.1,1.1,-35.3,53.8,64.6,120.1,102.5,981.9,-1,89.3,1,N,N,N,N
30.1,-0.8,0.7,-0.1,1.1,-31.7,53.8,64.6,120.1,102.5,981.9,-0.5,89.3,1,N,N,N,N
30.2,-0.8,0.7,-0.1,1.1,-31.2,50.9,64.2,117.3,101.6,981.9,-1.7,89.3,1,N,N,N,N
30.2,-0.6,0.5,-0.1,0.8,-34.6,51.3,65.5,117.7,101.2,981.9,-1.7,89.3,1,N,N,N,N
30.3,-0.6,0.5,-0.1,0.8,-32.1,51.3,65.5,117.7,101.2,981.9,-0.4,89.3,1,N,N,N,N
30.4,-0.6,0.5,-0.1,1,-31.4,51.1,64.8,118,101.6,981.8,0.6,89.3,1,N,N,N,N
30.4,-0.7,0.5,-0.1,0.9,-34.9,53.9,64.8,120.2,102.5,981.8,0.6,89.3,1,N,N,N,N
30.5,-0.7,0.5,-0.1,0.9,-31.5,53.9,64.8,120.2,102.5,981.9,-1.3,89.3,1,N,N,N,N
30.6,-0.7,0.5,-0.1,1.1,-32.4,56.6,63.2,121.5,103.7,981.9,-1.9,89.3,1,N,N,N,N
30.6,-0.8,0.7,-0.1,1,-36,67.1,63.3,131.4,107.4,981.9,-1.9,89.3,1,N,N,N,N
30.7,-0.8,0.7,-0.1,1,-32.1,67.1,63.3,131.4,107.4,981.9,-0.5,89.3,1,N,N,N,N
30.8,-0.8,0.7,-0.1,1.2,-32.1,70.2,64.7,133.6,107.3,981.9,-1.4,89.3,1,N,N,N,N
30.8,-0.8,0.4,0.1,0.9,-35.5,70.1,69.8,133.2,103.9,981.9,-1.4,89.3,1,N,N,N,N
30.9,-0.8,0.4,0.1,0.9,-31.1,70.1,69.8,133.2,103.9,981.9,-1,89.3,1,N,N,N,N
31,-0.8,0.4,0.1,0.9,-30.4,74.1,69.5,136.9,105,981.9,-1.1,89.3,1,N,N,N,N
31,-0.8,0.6,0,1,-33.8,71.1,68.2,135,105.4,981.9,-1.1,89.3,1,N,N,N,N
31.1,-0.8,0.6,0,1,-31,71.1,68.2,135,105.4,982,-2.1,89.3,1,N,N,N,N
31.2,-0.8,0.6,0,1,-30.4,68.2,69.2,132.9,104.1,981.9,-0.9,89.3,1,N,N,N,N
31.2,-0.8,0.7,-0.1,1.1,-33.8,69.2,69,134.5,104.7,981.9,-0.9,89.3,1,N,N,N,N
31.3,-0.8,0.7,-0.1,1.1,-31.3,69.9,68.7,135.4,105.1,982,-3,89.3,1,N,N,N,N
31.4,-0.8,0.7,-0.1,1,-30.7,73,67.4,139.4,107.2,981.9,0.4,89.3,1,N,N,N,N
31.4,-1,0.7,0,1.2,-34,68.5,67.7,135.8,105.9,981.9,0.4,89.3,1,N,N,N,N
31.5,-1,0.7,0,1.2,-29,68.5,67.7,135.8,105.9,981.8,1,89.2,1,N,N,N,N
31.6,-1,0.7,0,1,-28.4,68,66.8,135.3,106.4,981.8,2.2,89.2,1,N,N,N,N
31.6,-0.8,0.6,0,1,-31.7,65.6,67.4,132.4,105.1,981.8,2.2,89.2,1,N,N,N,N
31.7,-0.8,0.6,0,1,-28.6,65.6,67.4,132.4,105.1,981.8,1.7,89.2,1,N,N,N,N
31.8,-0.8,0.6,0,1,-28.8,67.7,66.4,133.6,106.2,981.7,3.4,89.2,1,N,N,N,N
31.8,-0.8,0.6,-0.1,1,-32.4,69.9,66.5,135,106.5,981.7,3.4,89.2,1,N,N,N,N
31.9,-0.8,0.6,-0.1,1,-29.8,69.9,66.5,135,106.5,981.8,1.9,89.2,1,N,N,N,N
32,-0.8,0.6,-0.1,1,-30.1,73,65.1,137.4,108.2,981.8,2.3,89.2,1,N,N,N,N
32,-0.7,0.5,-0.2,0.9,-33.9,75.3,64.7,139,109,981.8,2.3,89.2,1,N,N,N,N
32.1,-0.7,0.5,-0.2,0.9,-30.5,75.3,64.7,139,109,981.9,-0.2,89.2,1,N,N,N,N
32.2,-0.7,0.5,-0.2,1,-32.1,72.7,66,136.1,107.3,981.8,0.5,89.2,1,N,N,N,N
32.2,-0.8,0.6,-0.2,1,-35.7,70.7,66.5,133.8,106.2,981.8,0.5,89.2,1,N,N,N,N
32.3,-0.8,0.6,-0.2,1,-31.3,70.7,66.5,133.8,106.2,981.8,1.1,89.2,1,N,N,N,N
32.4,-0.8,0.6,-0.2,1,-32.6,69.1,65.7,132.8,106.4,981.8,-0.2,89.2,1,N,N,N,N
32.4,-0.8,0.7,-0.1,1.1,-36.1,64.2,65.4,129.1,105.4,981.8,-0.2,89.2,1,N,N,N,N
32.5,-0.8,0.7,-0.1,1.1,-32.6,64.2,65.4,129.1,105.4,981.8,-0.3,89.3,1,N,N,N,N
32.6,-0.8,0.7,-0.1,0.9,-33,56.7,69.1,123.7,101.7,981.9,-1.4,89.3,1,N,N,N,N
32.6,-0.8,0.6,0.1,1,-36,45.1,71.5,115.1,97.9,981.9,-1.4,89.3,1,N,N,N,N
32.7,-0.8,0.6,0.1,1,-32.2,45.1,71.5,115.1,97.9,981.9,-1.2,89.3,1,N,N,N,N
32.8,-0.8,0.6,0.1,1.1,-31.5,36,73,109.2,95.6,981.9,-0.9,89.2,1,N,N,N,N
32.8,-0.8,0.6,0.1,1,-34.3,27.3,73.9,100.9,93.1,981.9,-0.9,89.2,1,N,N,N,N
32.9,-0.8,0.6,0.1,1,-30.8,27.3,73.9,100.9,93.1,981.8,0.3,89.2,1,N,N,N,N
33,-0.8,0.6,0.1,1,-29.2,29,73.8,100.6,93,981.9,-1.7,89.2,1,N,N,N,N
33,-0.7,0.6,0.1,0.9,-32.1,24.2,75.3,96.6,91.7,981.9,-1.7,89.2,1,N,N,N,N
33.1,-0.7,0.6,0.1,0.9,-29.4,24.2,75.3,96.6,91.7,981.9,-0.7,89.3,1,N,N,N,N
33.2,-0.7,0.6,0.1,1.1,-28.9,12.4,76.1,85.6,88.9,981.9,-1.7,89.3,1,N,N,N,N
33.2,-0.8,0.7,0,1.1,-31.8,7.4,75.8,81.3,87.8,981.9,-1.7,89.3,1,N,N,N,N
33.3,-0.8,0.7,0,1.1,-29,6.6,75.8,80.5,87.6,981.9,-1.2,89.3,1,N,N,N,N
33.4,-0.8,0.7,0,1.1,-29,2,75.5,78.4,87.1,981.9,-0.5,89.3,1,N,N,N,N
33.4,-0.7,0.7,0.1,1,-31.7,-4.5,75.1,74.2,85.9,981.9,-0.5,89.3,1,N,N,N,N
33.5,-0.7,0.7,0.1,1,-28.7,-4.5,75.1,74.2,85.9,981.9,-1.2,89.3,1,N,N,N,N
33.6,-0.7,0.7,0.1,1,-27.9,-6.5,74.8,74.2,85.8,981.9,-0.1,89.3,1,N,N,N,N
33.6,-0.7,0.6,0.2,0.9,-30.7,-9.6,74.7,71.5,85.2,981.9,-0.1,89.3,1,N,N,N,N
33.7,-0.7,0.6,0.2,0.9,-28.5,-10.2,74.5,70.9,84.9,981.9,-2.2,89.3,1,N,N,N,N
33.8,-0.7,0.6,0.2,0.9,-28.3,-9.1,73,71.4,84.6,982,-2.7,89.3,1,N,N,N,N
33.8,-0.5,0.5,0.1,0.8,-31.1,-5.3,72.6,74,85.2,982,-2.7,89.3,1,N,N,N,N
33.9,-0.5,0.5,0.1,0.8,-28.4,-5.3,72.6,74,85.2,981.9,-1.3,89.3,1,N,N,N,N
34,-0.5,0.5,0.1,0.7,-27.2,-9.4,72.6,68.3,83.6,981.9,-0.7,89.3,1,N,N,N,N
34,-0.7,0.6,0.2,0.9,-29.9,-13.6,70.3,63.5,81.3,981.9,-0.7,89.3,1,N,N,N,N
34.1,-0.7,0.6,0.2,0.9,-26.8,-13.6,70.3,63.5,81.3,982,-2.3,89.3,1,N,N,N,N
34.2,-0.7,0.6,0.2,0.8,-27.9,-20.6,70.1,57.9,79.5,982,-2.1,89.3,1,N,N,N,N
34.2,-0.7,0.6,0.3,1,-30.3,-29.8,67.7,50.1,75.8,982,-2.1,89.3,1,N,N,N,N
34.3,-0.7,0.6,0.3,1,-27.2,-29.8,67.7,50.1,75.8,982,-2.8,89.3,1,N,N,N,N
34.4,-0.7,0.6,0.3,1.2,-25.6,-41.5,65.7,40,71.6,981.9,0.6,89.3,1,N,N,N,N
34.4,-1.1,1,0.4,1.6,-27.7,-46.9,64.6,35.4,69.5,981.9,0.6,89.3,1,N,N,N,N
34.5,-1.1,1,0.4,1.6,-23.6,-46.9,64.6,35.4,69.5,981.9,-0.6,89.3,1,N,N,N,N
34.6,-1.1,1,0.4,2.7,-23.3,-54.9,66.1,29.6,69.3,981.9,-0.2,89.3,1,N,N,N,N
34.6,-2.8,2.1,0.4,3.5,-25.9,-54.5,78.4,35.3,80.3,981.9,-0.2,89.3,3,N,N,N,N
34.7,-2.8,2.1,0.4,3.5,-22.3,-54.5,78.4,35.3,80.3,981.8,2.2,89.2,3,N,N,N,N
34.8,-2.8,2.1,0.4,2.3,-17.8,57,86.8,149.2,94.3,981.6,7.6,89.2,3,N,N,N,N
34.8,0,0.2,0.2,0.3,-19.7,93.5,82,-176,99.4,981.6,7.6,89.2,4,N,N,N,N
34.9,0,0.2,0.2,0.3,-13.9,93.5,82,-176,99.4,981.5,11.9,89.1,4,N,N,N,N
35,0,0.2,0.2,0.9,-10.3,101.8,79.6,-171.7,101.9,981.4,13,89.1,4,N,N,N,N
35,-0.1,0.7,0.6,0.9,-12.4,107.6,82.1,-168.3,99.9,981.4,13,89.1,4,N,N,N,N
35.1,-0.1,0.7,0.6,0.9,-8.3,107.6,82.1,-168.3,99.9,981.3,17.9,89,4,N,N,N,N
35.2,-0.1,0.7,0.6,1.4,-4.2,115.6,70.3,-152.4,106.4,981.2,20.7,88.9,4,N,N,N,N
35.2,1.1,-1.4,0.7,1.9,-4.1,112.4,67.8,-157,109.8,981.2,20.7,88.9,4,N,N,N,N
35.3,1.1,-1.4,0.7,1.9,-1.3,112.4,67.8,-157,109.8,981.1,22.5,88.9,4,N,N,N,N
35.4,1.1,-1.4,0.7,2.3,-5,126.7,56.7,-156.4,121.3,981.1,23.6,88.9,4,N,N,N,N
35.4,-0.8,0.7,-0.8,1.3,-12,139.1,56,-169.5,124.1,981.1,23.6,88.9,4,N,N,N,N
35.5,-0.8,0.7,-0.8,1.3,-10.3,139.1,56,-169.5,124.1,981.1,23.7,88.9,4,N,N,N,N
35.6,-0.8,0.7,-0.8,2.1,-13.2,119.2,59.5,159,118.5,981,24.9,88.9,4,N,N,N,N
35.6,-0.8,1,-0.5,1.3,-17.8,107.8,56.4,146,117.6,981,24.9,88.9,4,N,N,N,N
35.7,-0.8,1,-0.5,1.4,-16.1,105.8,55.3,144.3,117.8,980.9,27.2,88.8,4,N,N,N,N
35.8,-0.8,1,-0.5,1,-15.2,102.9,54.1,143.2,118.1,980.9,27.2,88.8,4,N,N,N,N
35.8,-0.7,0.7,-0.3,1.1,-19.9,98.6,51.1,140.2,119,980.9,27.2,88.8,4,N,N,N,N
35.9,-0.7,0.7,-0.3,1.1,-17.2,98.6,51.1,140.2,119,980.8,30.3,88.8,4,N,N,N,N
36,-0.7,0.7,-0.3,1.1,-18.7,97.8,49.7,140.6,120.2,980.8,30.2,88.8,4,N,N,N,N
36,-0.7,0.4,-0.3,0.9,-23.1,99.3,51.3,144,120.6,980.8,30.2,88.8,4,N,N,N,N
36.1,-0.7,0.4,-0.3,0.9,-21.2,99.3,51.3,144,120.6,980.9,29.1,88.8,4,N,N,N,N
36.2,-0.7,0.4,-0.3,0.8,-23.5,97.5,50.5,143.4,120.8,980.9,28.1,88.8,4,N,N,N,N
36.2,-0.6,0.5,-0.3,0.8,-27.8,95,47.5,142,122.4,980.9,28.1,88.8,4,N,N,N,N
36.3,-0.6,0.5,-0.3,0.8,-26.2,95,47.5,142,122.4,981,25.6,88.9,4,N,N,N,N
36.4,-0.6,0.5,-0.3,0.7,-28.6,93.3,48.3,140.7,121.1,981,25.2,88.9,4,N,N,N,N
36.4,-0.6,0.6,-0.3,0.9,-32.6,91.3,51.5,138.7,118,981,25.2,88.9,4,N,N,N,N
36.5,-0.6,0.6,-0.3,0.9,-30.3,91.3,51.5,138.7,118,981.1,23.4,88.9,4,N,N,N,N
36.6,-0.6,0.6,-0.3,1.2,-33.5,87.6,53.5,135.3,115.1,981.1,21,88.9,4,N,N,N,N
36.6,-0.9,0.9,-0.2,1.3,-37.5,84.9,53.4,133.5,114.3,981.1,21,88.9,4,N,N,N,N
36.7,-0.9,0.9,-0.2,1.3,-34.3,84.9,53.4,133.5,114.3,981.1,22,88.9,4,N,N,N,N
36.8,-0.9,0.9,-0.2,1.2,-35.5,84.8,52.4,134.3,115.4,981.1,21.3,89,4,N,N,N,N
36.8,-0.8,0.8,-0.2,1.1,-39.4,84.4,53.3,135.2,115.2,981.1,21.3,89,4,N,N,N,N
36.9,-0.8,0.8,-0.2,1.1,-35.8,84.4,53.3,135.2,115.2,981.2,19.5,89,4,N,N,N,N
37,-0.8,0.8,-0.2,1.1,-36.3,83.2,53.2,135.1,115.2,981.2,18.8,89,4,N,N,N,N
37,-0.8,0.7,-0.2,1.1,-40.1,81.7,54,134.5,114.5,981.2,18.8,89,4,N,N,N,N
37.1,-0.8,0.7,-0.2,1.1,-37.4,81.7,54,134.5,114.5,981.3,15.7,89,4,N,N,N,N
37.2,-0.8,0.7,-0.2,1,-38.1,80.8,54,135,114.6,981.3,17.8,89,4,N,N,N,N
37.2,-0.7,0.7,-0.1,1,-41.7,79.9,55.1,134.9,113.9,981.3,17.8,89,4,N,N,N,N
37.3,-0.7,0.7,-0.1,1,-38.1,79.9,55.1,134.9,113.9,981.3,16.6,89,4,N,N,N,N
37.4,-0.7,0.7,-0.1,1,-37.7,78.8,56.3,134,112.7,981.2,18.2,89,4,N,N,N,N
37.4,-0.7,0.7,-0.1,1,-41.2,77.3,57.5,132.6,111.4,981.2,18.2,89,4,N,N,N,N
37.5,-0.7,0.7,-0.1,1,-36.9,77.3,57.5,132.6,111.4,981.3,16.3,89,4,N,N,N,N
37.6,-0.7,0.7,-0.1,1,-37.3,76.2,58.9,131.6,110.2,981.4,14.7,89,4,N,N,N,N
37.6,-0.7,0.7,-0.1,1,-40.7,75.4,60.1,131.3,109.3,981.4,14.7,89,4,N,N,N,N
37.7,-0.7,0.7,-0.1,1,-37.7,74.9,60.3,131,109.1,981.3,16.5,89,4,N,N,N,N
37.8,-0.7,0.7,-0.1,1.1,-37.1,73.7,61.2,130.4,108.3,981.4,13.8,89,4,N,N,N,N
37.8,-0.7,0.7,-0.1,1,-40.5,73.9,62.4,131.4,108,981.4,13.8,89,4,N,N,N,N
37.9,-0.7,0.7,-0.1,1,-37,73.9,62.4,131.4,108,981.4,13.5,89.1,4,N,N,N,N
38,-0.7,0.7,-0.1,1,-36.1,72.4,63.9,131.1,106.9,981.4,13.9,89.1,4,N,N,N,N
38,-0.8,0.6,0,1,-39.3,70.6,65.6,130.2,105.6,981.4,13.9,89.1,4,N,N,N,N
38.1,-0.8,0.6,0,1,-35.8,70.6,65.6,130.2,105.6,981.4,14.2,89.1,4,N,N,N,N
38.2,-0.8,0.6,0,1,-35,68,66.5,128.1,104.4,981.5,12.4,89.1,4,N,N,N,N
38.2,-0.8,0.7,0,1,-38.2,66.2,67.3,126.6,103.4,981.5,12.4,89.1,4,N,N,N,N
38.3,-0.8,0.7,0,1,-35.8,66.2,67.3,126.6,103.4,981.5,12,89.1,4,N,N,N,N
38.4,-0.8,0.7,0,1,-36.1,65.5,67.6,126.4,103.2,981.4,13,89.1,4,N,N,N,N
38.4,-0.7,0.6,0,1,-39.2,63.3,67.6,125.1,102.7,981.4,13,89.1,4,N,N,N,N
38.5,-0.7,0.6,0,1,-34.6,63.3,67.6,125.1,102.7,981.5,12.4,89.1,4,N,N,N,N
38.6,-0.7,0.6,0,0.9,-33.6,59,68.6,120.9,100.9,981.5,11.5,89.1,4,N,N,N,N
38.6,-0.7,0.7,0,1,-36.8,58.5,68,121,101.2,981.5,11.5,89.1,4,N,N,N,N
38.7,-0.7,0.7,0,1,-33.6,58.5,68,121,101.2,981.4,13.5,89.1,4,N,N,N,N
38.8,-0.7,0.7,0,1.1,-32,55.4,68.2,118.2,100.2,981.4,13.3,89.1,4,N,N,N,N
38.8,-0.7,0.7,0.1,1,-35,54.3,69.6,117,99.2,981.4,13.3,89.1,4,N,N,N,N
38.9,-0.7,0.7,0.1,1,-31,54.3,69.6,117,99.2,981.4,14.3,89.1,4,N,N,N,N
39,-0.7,0.7,0.1,1,-29.9,54.6,68.8,116.9,99.5,981.4,13.7,89,4,N,N,N,N
39,-0.7,0.7,0,1,-33,54.9,68.3,117.6,99.9,981.4,13.7,89,4,N,N,N,N
39.1,-0.7,0.7,0,1,-30.3,54.9,68.3,117.6,99.9,981.4,13.9,89,4,N,N,N,N
39.2,-0.7,0.7,0,1,-29.1,54.4,69.4,117.4,99.4,981.4,14.3,89.1,4,N,N,N,N
39.2,-0.7,0.8,0.1,1,-32.1,58.1,68.4,120.8,100.9,981.4,14.3,89.1,4,N,N,N,N
39.3,-0.7,0.8,0.1,1,-28.6,58.1,68.4,120.8,100.9,981.4,15.2,89,4,N,N,N,N
39.4,-0.7,0.8,0.1,1,-27.5,59.6,69.4,121.9,100.8,981.3,17.5,89,4,N,N,N,N
39.4,-0.8,0.6,0,1,-30.5,60.2,70.4,123.5,100.8,981.3,17.5,89,4,N,N,N,N
39.5,-0.8,0.6,0,1,-26.6,60.2,70.4,123.5,100.8,981.3,15.6,89,4,N,N,N,N
39.6,-0.8,0.6,0,1,-26.6,57.5,72.2,122.5,99.6,981.3,17,89,4,N,N,N,N
39.6,-0.7,0.7,0,1,-29.7,53.7,71.5,119.9,99.2,981.3,17,89,4,N,N,N,N
39.7,-0.7,0.7,0,1,-27.1,53.5,71.2,120,99.4,981.2,18.8,89,4,N,N,N,N
39.8,-0.7,0.7,0,1,-26.2,51.4,70.7,118.4,99.1,981.3,16.9,89,4,N,N,N,N
39.8,-0.7,0.8,0,1.1,-29.2,52,70,118.1,99.3,981.3,16.9,89,5,N,N,N,N
39.9,-0.7,0.8,0,1.1,-25.6,52,70,118.1,99.3,981.2,19.1,89,5,N,N,N,N
40,-0.7,0.8,0,1,-24.8,55.8,68.4,121.4,101.2,981.2,19.2,89,5,Y,N,N,N
40,-0.8,0.8,0,1.1,-28.1,57.7,66.3,123.4,102.9,981.2,19.2,89,5,Y,N,N,N
40.1,-0.8,0.8,0,1.1,-25.1,57.7,66.3,123.4,102.9,981.1,21.7,89,5,Y,N,N,N
40.2,-0.8,0.8,0,1.1,-24,63.8,65.8,128.4,104.9,981.1,22.1,88.9,5,Y,N,N,N
40.2,-0.9,0.8,0,1.2,-27.5,65.6,65.5,130.5,105.8,981.1,22.1,88.9,5,Y,N,N,N
40.3,-0.9,0.8,0,1.2,-24.7,65.6,65.5,130.5,105.8,981.2,20.2,88.9,5,Y,N,N,N
40.4,-0.9,0.8,0,1.1,-24.7,63.7,69,129.1,103.2,981.1,22.1,88.9,5,Y,N,N,N
40.4,-0.8,0.7,0,1.1,-28,66,71.6,130.9,102.1,981.1,22.1,88.9,5,Y,N,N,N
40.5,-0.8,0.7,0,1.1,-23.2,66,71.6,130.9,102.1,981.1,23.4,88.9,5,Y,N,N,N
40.6,-0.8,0.7,0,0.9,-22.5,68.8,70.9,133.4,103.2,981,26,88.9,5,Y,N,N,N
40.6,-0.8,0.7,0.1,1.1,-25.6,62.1,70.9,126.6,101.4,981,26,88.9,5,Y,N,N,N
40.7,-0.8,0.7,0.1,1.1,-21.2,62.1,70.9,126.6,101.4,981,26.5,88.8,5,Y,N,N,N
40.8,-0.8,0.7,0.1,1.1,-20.7,60,70,125.3,101.5,980.9,28.9,88.8,5,Y,N,N,N
40.8,-0.8,0.6,-0.1,1,-24.1,54.6,70.3,119.8,99.7,980.9,28.9,88.8,7,Y,N,N,N
40.9,-0.8,0.6,-0.1,1,-20.1,54.6,70.3,119.8,99.7,980.8,30.6,88.8,7,Y,N,N,N
41,-0.8,0.6,-0.1,1.1,-19.6,51.8,70.9,118.4,99.1,980.8,29.8,88.8,7,Y,N,N,N
41,-0.7,0.5,0,0.9,-22.8,50,72.1,118.7,98.6,980.8,29.8,88.8,7,Y,N,Y,N
41.1,-0.7,0.5,0,0.9,-20.9,50,72.1,118.7,98.6,980.8,30.4,88.8,7,Y,N,Y,N
41.2,-0.7,0.5,0,0.8,-21.4,48.1,73.7,118.5,97.8,980.8,32,88.8,7,Y,N,Y,N
41.2,-0.7,0.6,0,0.9,-24.7,48.6,73.6,120.6,98.4,980.8,32,88.8,7,Y,N,Y,N
41.3,-0.7,0.6,0,0.9,-21.3,48.6,73.6,120.6,98.4,980.7,32.7,88.8,7,Y,N,Y,N
41.4,-0.7,0.6,0,0.9,-21.7,45.4,74.8,118.9,97.4,980.8,31.8,88.8,7,Y,N,Y,N
41.4,-0.7,0.5,0,0.9,-24.9,44.4,75.2,118.1,97.1,980.8,31.8,88.8,7,Y,N,Y,N
41.5,-0.7,0.5,0,0.9,-22.8,44.4,75.2,118.1,97.1,980.8,31.9,88.8,7,Y,N,Y,N
41.6,-0.7,0.5,0,1.1,-24.8,42.5,74.6,116.3,96.9,980.9,29.3,88.8,7,Y,N,Y,N
41.6,-0.8,0.6,-0.1,1,-28.2,46.8,74.2,120.9,98.2,980.9,29.3,88.8,7,Y,N,Y,N
41.7,-0.8,0.6,-0.1,1,-25.7,47.8,74.1,121.9,98.5,980.8,31.2,88.8,7,Y,N,Y,N
41.8,-0.8,0.6,-0.1,1,-25.4,52.1,73.7,126.3,99.8,980.9,29.1,88.8,7,Y,N,Y,N
41.8,-1.2,0.9,-0.2,1.5,-29.1,51.4,70.8,124.8,101,980.9,29.1,88.8,7,Y,N,Y,N
41.9,-1.2,0.9,-0.2,1.5,-28.4,51.4,70.8,124.8,101,980.9,28.9,88.8,7,Y,N,Y,N
42,-1.2,0.9,-0.2,1.5,-29.5,67.3,69.9,140.4,105.6,980.9,28.7,88.8,7,Y,N,Y,N
42,-0.9,0.8,-0.6,1.4,-34.2,75.3,63.4,151.1,113.4,980.9,28.7,88.8,7,Y,N,Y,N
42.1,-0.9,0.8,-0.6,1.4,-29.9,75.3,63.4,151.1,113.4,980.8,30.2,88.8,7,Y,N,Y,N
42.2,-0.9,0.8,-0.6,1.4,-28.8,69.4,54.1,145.3,119.2,980.7,33,88.8,7,Y,N,Y,N
42.2,-0.5,0.8,-0.1,0.9,-32.7,76.3,47.3,148.7,125.9,980.7,33,88.8,7,Y,N,Y,N
42.3,-0.5,0.8,-0.1,0.9,-27.7,76.3,47.3,148.7,125.9,980.6,35.5,88.7,7,Y,N,Y,N
42.4,-0.5,0.8,-0.1,0.7,-25.5,78.5,44.5,151.6,129.6,980.6,36.7,88.7,7,Y,N,Y,N
42.4,-0.4,0.5,-0.4,0.8,-29.8,83.1,40.2,154.8,134.6,980.6,36.7,88.7,7,Y,N,Y,N
42.5,-0.4,0.5,-0.4,0.8,-24.7,83.1,40.2,154.8,134.6,980.5,38.5,88.7,7,Y,N,Y,N
42.6,-0.4,0.5,-0.4,0.6,-25.7,90.9,36,159.9,140.6,980.5,40.4,88.7,7,Y,N,Y,N
42.6,-0.3,0.2,-0.6,0.7,-30.8,99.3,29.6,165.2,148.5,980.5,40.4,88.7,7,Y,N,Y,N
42.7,-0.3,0.2,-0.6,0.7,-26.8,99.3,29.6,165.2,148.5,980.5,39.7,88.7,7,Y,N,Y,N
42.8,-0.3,0.2,-0.6,0.8,-29.8,105.9,25,166.1,152.9,980.5,38.8,88.7,7,Y,N,Y,N
42.8,-0.2,0.4,-0.8,0.9,-35.4,111.5,21.2,163.7,154.5,980.5,38.8,88.7,7,Y,N,Y,N
42.9,-0.2,0.4,-0.8,0.9,-32.1,111.5,21.2,163.7,154.5,980.6,36.9,88.7,7,Y,N,Y,N
43,-0.2,0.4,-0.8,0.9,-35.2,118.7,16.1,161.4,156.3,980.6,37.4,88.7,7,Y,N,Y,N
43,-0.1,0.3,-1,1,-41.1,125.8,9,160.6,159.2,980.6,37.4,88.7,7,Y,N,Y,N
43.1,-0.1,0.3,-1,1,-37.3,125.8,9,160.6,159.2,980.6,36.3,88.7,7,Y,N,Y,N
43.2,-0.1,0.3,-1,1.2,-40.3,124.1,5,157.7,157.8,980.6,36.3,88.7,7,Y,N,Y,N
43.2,0,0.4,-0.9,1,-46.8,122.8,4.9,157,157,980.6,36.3,88.7,7,Y,N,Y,N
43.3,0,0.4,-0.9,1,-44.5,122.8,4.9,157,157,980.6,36,88.7,7,Y,N,Y,N
43.4,0,0.4,-0.9,0.9,-44.8,123.1,4.2,157.2,157.3,980.7,33.4,88.8,7,Y,N,Y,N
43.4,-0.1,0.3,-0.8,0.8,-50.6,124.2,3,156.3,156.6,980.7,33.4,88.8,7,Y,N,Y,N
43.5,-0.1,0.3,-0.8,0.8,-46.7,124.2,3,156.3,156.6,980.8,32.1,88.8,7,Y,N,Y,N
43.6,-0.1,0.3,-0.8,0.7,-48.5,127.5,5.3,154.3,154.2,980.7,32.3,88.8,7,Y,N,Y,N
43.6,0,0.2,-0.5,0.5,-53.3,134.3,4.5,152,152.1,980.7,32.3,88.8,7,Y,N,Y,N
43.7,0,0.2,-0.5,0.6,-49.1,134.7,3.5,150.1,150.3,980.7,32.6,88.8,7,Y,N,Y,N
43.8,0,0.2,-0.5,0.8,-47.6,137.9,1.3,142.8,143.1,980.7,33.2,88.8,7,Y,N,Y,N
43.8,0.2,0.8,-0.7,1,-53,137.6,1,133.9,134.2,980.7,33.2,88.8,7,Y,N,Y,N
43.9,0.2,0.8,-0.7,1,-47.1,137.6,1,133.9,134.2,980.7,33,88.8,7,Y,N,Y,N
44,0.2,0.8,-0.7,1.2,-46.9,132.9,3.1,126,126.2,980.7,32.5,88.8,7,Y,N,Y,N
44,-0.3,1.3,-0.4,1.4,-51.6,127.4,4.9,122,122,980.7,32.5,88.8,7,Y,N,Y,N
44.1,-0.3,1.3,-0.4,1.4,-46.8,127.4,4.9,122,122,980.8,31.2,88.8,7,Y,N,Y,N
44.2,-0.3,1.3,-0.4,1.4,-46.7,122.1,6.8,121,121,980.8,31.7,88.8,7,Y,N,Y,N
44.2,-0.2,1.1,-0.3,1.1,-50.9,116.4,9,123.4,123.1,980.8,31.7,88.8,7,Y,N,Y,N
44.3,-0.2,1.1,-0.3,1.1,-46.2,116.4,9,123.4,123.1,980.8,31.2,88.8,7,Y,N,Y,N
44.4,-0.2,1.1,-0.3,1.2,-46,109,14,124.9,123.8,980.8,30.4,88.8,7,Y,N,Y,N
44.4,-0.6,1,-0.2,1.2,-49.9,104.7,22.1,127.6,124.6,980.8,30.4,88.8,7,Y,N,Y,N
44.5,-0.6,1,-0.2,1.2,-45.8,104.7,22.1,127.6,124.6,980.8,30.7,88.8,7,Y,N,Y,N
44.6,-0.6,1,-0.2,1,-44.7,103.9,33.1,132.3,124.6,980.9,29.4,88.8,7,Y,N,Y,N
44.6,-0.9,1,-0.2,1.4,-48.5,108.3,36.8,144.8,131.2,980.9,29.4,88.8,7,Y,N,Y,N
44.7,-0.9,1,-0.2,1.4,-43.2,108.3,36.8,144.8,131.2,980.9,29.2,88.8,7,Y,N,Y,N
44.8,-0.9,1,-0.2,1,-42.4,112.7,42.4,152.6,131.5,980.8,31.3,88.8,7,Y,N,Y,N
44.8,-0.7,0.5,-0.4,0.9,-47,114,49.4,157.8,127.9,980.8,31.3,88.8,7,Y,N,Y,N
44.9,-0.7,0.5,-0.4,0.9,-42.7,114,49.4,157.8,127.9,980.9,28.2,88.8,7,Y,N,Y,N
45,-0.7,0.5,-0.4,1.1,-43,98,56.7,159.5,122,980.8,29.8,88.8,7,Y,N,Y,N
45,-0.9,0.5,-0.2,1,-46.6,76.7,61.3,149.2,115.2,980.8,29.8,88.8,7,Y,N,Y,N
45.1,-0.9,0.5,-0.2,1,-42.1,76.7,61.3,149.2,115.2,980.9,28.9,88.8,7,Y,N,Y,N
45.2,-0.9,0.5,-0.2,1.1,-41.8,61.6,62,137.7,110.9,980.9,29,88.8,7,Y,N,Y,N
45.2,-0.9,0.5,-0.2,1,-45.8,50.2,63,131.2,107.8,980.9,29,88.8,7,Y,N,Y,N
45.3,-0.9,0.5,-0.2,1,-41.4,50.2,63,131.2,107.8,980.9,26.8,88.8,7,Y,N,Y,N
45.4,-0.9,0.5,-0.2,1,-42,37.6,64.1,123.4,104.2,980.9,28.3,88.8,7,Y,N,Y,N
45.4,-0.6,0.8,0.5,1.1,-45.2,27.7,63.2,118.4,102.4,980.9,28.3,88.8,7,Y,N,Y,N
45.5,-0.6,0.8,0.5,1.1,-40.6,27.7,63.2,118.4,102.4,981,26.4,88.9,7,Y,N,Y,N
45.6,-0.6,0.8,0.5,0.7,-40.6,27.4,67.1,113.6,99.1,980.9,27.1,88.9,7,Y,N,Y,N
45.6,-0.7,0.5,0.5,1,-44,-5,62.1,96.4,93,980.9,27.1,88.9,7,Y,N,Y,N
45.7,-0.7,0.5,0.5,1.3,-39.7,-7.6,60.5,95.3,92.6,980.9,26.6,88.8,7,Y,N,Y,N
45.8,-0.7,0.5,0.5,1.1,-38.3,-23,58.6,80.7,85.2,980.9,27.5,88.8,7,Y,N,Y,N
45.8,-0.9,0.6,0.5,1.2,-41.1,-29.6,55.5,72,79.9,980.9,27.5,88.8,7,Y,N,Y,N
45.9,-0.9,0.6,0.5,1.2,-36.5,-29.6,55.5,72,79.9,980.9,27.1,88.9,7,Y,N,Y,N
46,-0.9,0.6,0.5,1,-35.3,-28.6,54.5,69.5,78.3,980.9,26.7,88.8,7,Y,N,Y,N
46,-0.8,0.5,0.1,0.9,-37.8,-24.7,55.3,70.2,78.8,980.9,26.7,88.8,7,Y,N,Y,N
46.1,-0.8,0.5,0.1,0.9,-34.4,-24.7,55.3,70.2,78.8,980.9,27.6,88.8,7,Y,N,Y,N
46.2,-0.8,0.5,0.1,1.2,-32.6,-32.4,56.6,58.6,73.3,981,24.7,88.9,7,Y,N,Y,N
46.2,-0.9,0.5,0.3,1.1,-35.2,-31.4,59.5,58.1,74.4,981,24.7,88.9,7,Y,N,Y,N
46.3,-0.9,0.5,0.3,1.1,-31.8,-31.4,59.5,58.1,74.4,980.9,26.7,88.9,7,Y,N,Y,N
46.4,-0.9,0.5,0.3,1,-30.7,-36.6,64.5,56.2,76.1,980.9,26.7,88.9,7,Y,N,Y,N
46.4,-1,0.2,0.3,1,-33.1,-22.7,70.5,70.6,83.6,980.9,26.7,88.9,7,Y,N,Y,N
46.5,-1,0.2,0.3,1,-30.4,-22.7,70.5,70.6,83.6,981,26.4,88.9,7,Y,N,Y,N
46.6,-1,0.2,0.3,1,-30.8,16,72.9,111.5,96.3,981,25.4,88.9,7,Y,N,Y,N
46.6,-1,0.1,-0.1,1,-34.5,18.6,69.4,117.8,99.6,981,25.4,88.9,7,Y,N,Y,N
46.7,-1,0.1,-0.1,1,-31.4,18.6,69.4,117.8,99.6,981,25,88.9,7,Y,N,Y,N
46.8,-1,0.1,-0.1,1,-31.3,35.6,62.9,139.9,110.7,981,25.7,88.9,7,Y,N,Y,N
46.8,-0.6,0.2,0.1,0.6,-36.2,29.3,63.3,160.7,115.6,981,25.7,88.9,7,Y,N,Y,N
46.9,-0.6,0.2,0.1,0.6,-32.9,29.3,63.3,160.7,115.6,981,24.1,88.9,7,Y,N,Y,N
47,-0.6,0.2,0.1,1,-33.3,15.7,67.7,158.7,111.4,981,25.5,88.9,7,Y,N,Y,N
47,-0.9,-0.3,-0.1,1,-37.2,11,66.7,162.3,112.7,981,25.5,88.9,7,Y,N,Y,N
47.1,-0.9,-0.3,-0.1,1,-33.1,11,66.7,162.3,112.7,981.1,22.5,88.9,7,Y,N,Y,N
47.2,-0.9,-0.3,-0.1,0.9,-34.1,5.2,66.4,161.1,112.6,981,23.8,88.9,7,Y,N,Y,N
47.2,-1,-0.1,-0.1,1.1,-37.8,-1.3,66.7,156.5,111.3,981,23.8,88.9,7,Y,N,Y,N
47.3,-1,-0.1,-0.1,1.1,-34.7,-1.3,66.7,156.5,111.3,981.1,23.4,88.9,7,Y,N,Y,N
47.4,-1,-0.1,-0.1,1,-35,2.4,63.9,163.5,115,981.1,22.9,88.9,7,Y,N,Y,N
47.4,-0.9,0,-0.1,0.9,-38.6,4.2,59.7,168.5,119.6,981.1,22.9,88.9,7,Y,N,Y,N
47.5,-0.9,0,-0.1,0.9,-34.7,4.2,59.7,168.5,119.6,981,24.7,88.9,7,Y,N,Y,N
47.6,-0.9,0,-0.1,1.1,-34,2.5,57.5,167.9,121.7,981.1,23,88.9,7,Y,N,Y,N
47.6,-1,-0.1,-0.2,1,-37.9,3.9,54.6,170.3,124.8,981.1,23,88.9,7,Y,N,Y,N
47.7,-1,-0.1,-0.2,1,-36.4,4.2,54.2,170.9,125.2,981.1,21.1,88.9,7,Y,N,Y,N
